﻿"Cube Title","Product Id","CANSIM Id",URL,"Cube Notes","Archive Status",Frequency,"Start Reference Period","End Reference Period","Total number of dimensions"
"Selected online activities by gender, age group and highest certificate, diploma or degree completed",22100137,,"https://www150.statcan.gc.ca/t1/tbl1/en/tv.action?pid=2210013701",1;2;3;4,"CURRENT - a cube available to the public and that is current",Occasional,2018-01-01,2020-01-01,5

"Dimension ID","Dimension name","Dimension Notes","Dimension Definitions"
1,Geography,,
2,"Online activities",,
3,Gender,5,
4,"Age group",,
5,"Level of education",6,

"Dimension ID","Member Name","Classification Code","Member ID","Parent Member ID",Terminated,"Member Notes","Member Definitions"
1,Canada,[11124],1,,,,
2,"Sent and received emails",,1,,,,
2,"Sent messages using an instant messaging application (app)",,2,,,,
2,"Used social networking websites or applications (apps)",,3,,,,
2,"Made online voice calls or video calls",,4,,,,
2,"Used dating websites or applications (apps)",,5,,,,
2,"Accessed the news",,6,,,,
2,"Researched for information",,7,,,,
2,"Researched for information on health",,8,,,,
2,"Researched for information about community events",,9,,,,
2,"Researched for information about goods or services",,10,,,,
2,"Listened to music",,11,,,,
2,"Listened to podcast",,12,,,,
2,"Watched video streaming services, excluding live television",,13,,,,
2,"Watched content on video-sharing websites",,14,,,,
2,"Watched streamed or live-streamed sports through a subscription",,15,,,,
2,"Watched streamed or live-streamed sports",,16,,,,
2,"Watched eSports",,17,,,,
2,"Watched other video gaming services",,18,,,,
2,"Watched other streamed or live-streamed television",,19,,,,
2,"Read books or magazines online",,20,,,,
2,"Played video games",,21,,,,
2,"Bought new or used goods on online bulletin boards",,22,,,,
2,"Searched for employment",,23,,,,
2,"Conducted online banking",,24,,,,
2,"Used a virtual wallet",,25,,,,
2,"Taken formal training or learning through an organization or institution",,26,,,,
2,"Taken informal training or learning",,27,,,,
2,"Used governement online services",,28,,,,
2,"Use of a smart home devices in primary residence",,29,,,,
3,"Total, gender",,1,,,,
3,"Male gender",,2,1,,,
3,"Female gender",,3,1,,,
4,"Total, 15 years and over",,1,,,,
4,"15 to 24 years",,2,1,,,
4,"25 to 44 years",,3,1,,,
4,"45 to 64 years",,4,1,,,
4,"65 years and over",,5,1,,,
5,"Total, highest certificate, diploma or degree completed",,1,,,,
5,"High school or less",,2,1,,,
5,"College, trade school, or some university",,3,1,,,
5,"Bachelor's degree or higher",,4,1,,,

Symbol Legend
Description,Symbol
"not available for a specific reference period",..
"less than the limit of detection",<LOD
"value rounded to 0 (zero) where there is a meaningful distinction between true zero and the value that was rounded",0s
"data quality: excellent",A
"data quality: very good",B
"data quality: good",C
"data quality: acceptable",D
"use with caution",E
"too unreliable to be published",F
"not applicable",...
preliminary,p
revised,r
"suppressed to meet the confidentiality requirements of the Statistics Act",x
terminated,t

"Survey Code","Survey Name"
4432,"Canadian Internet Use Survey"

"Subject Code","Subject Name"
22,"Digital economy and society"

"Note ID",Note
1,"The target population is all persons 15 years of age and older living in the ten provinces of Canada. It excludes full-time (residing for more than six months) residents of institutions."
2,"The Canadian Internet Use Survey was redesigned in 2018 and its findings should not be compared with those from previous surveys."
3,"Respondents who used the Internet in the past 3 months received this question."
4,"Please note that there may be minor changes in the question wording, notes, inclusions and exclusions for this question between the 2018 and 2020 cycles. Refer to the questionnaires when making comparisons between cycles."
5,"Refers to current gender which may be different from sex assigned at birth and may be different from what is indicated on legal documents. For data quality and confidentiality reasons, and because of the small population being measured, the dissemination of data according to ""Non binary"" gender is not possible for this statistical program.  So, this release uses a gender variable with only two categories.  This variable is derived by looking at a large number of demographic characteristics from the respondent, it allows us to disseminate data on gender that is reliable and unbiased."
6,"The respondent's highest level of education ever completed."

"Correction ID","Correction Date","Correction Note"


