﻿"Cube Title","Product Id","CANSIM Id",URL,"Cube Notes","Archive Status",Frequency,"Start Reference Period","End Reference Period","Total number of dimensions"
"Unemployment rates of population aged 15 and over, total and with Indigenous identity, by educational attainment, Canada","14100361","477-0104","https://www150.statcan.gc.ca/t1/tbl1/en/tv.action?pid=1410036101",1;2;3;4;5;12,"CURRENT - a cube available to the public and that is current","Occasional","1990-01-01","2021-01-01","3",

"Dimension ID","Dimension name","Dimension Notes","Dimension Definitions"
"1","Geography",,""
"2","Characteristics of the population aged 15 and over",,""
"3","Educational attainment",,""

"Dimension ID","Member Name","Classification Code","Member ID","Parent Member ID",Terminated,"Member Notes","Member Definitions"
"1","Canada","[11124]","1","","",,
"2","Population, Canada","","1","","",,
"2","Population, off reserve Indigenous","","2","","",6;7,
"3","High school","","3","1","",9,
"3","College or trade","","4","1","",10,
"3","University","","5","1","",11,
"3","Less than high school","","2","1","",8,
"3","All levels of education","","1","","",,

Symbol Legend
Description,Symbol
"not available for a specific reference period","..",
"less than the limit of detection","<LOD",
"value rounded to 0 (zero) where there is a meaningful distinction between true zero and the value that was rounded","0s",
"data quality: excellent","A",
"data quality: very good","B",
"data quality: good","C",
"data quality: acceptable","D",
"use with caution","E",
"too unreliable to be published","F",
"not applicable","...",
"preliminary","p",
"revised","r",
"suppressed to meet the confidentiality requirements of the Statistics Act","x",
"terminated","t",

"Survey Code","Survey Name"
"3701","Labour Force Survey"

"Subject Code","Subject Name"
"14","Labour"

"Note ID",Note
1,"Source:  Labour Force Survey (L.F.S.)."
2,"The unemployment rate is based on a monthly average from January to December."
3,"Labour Force Survey (LFS) estimates for Canada are derived using LFS results from the provinces. LFS results for the territories are not included in the national estimates. Difficulties exist with respect to reaching small communities in the territories, and there are areas that are excluded. As well, since the sample design, rotation pattern and reliability criteria are different from those in the 10 provinces, estimates for the territories are not included with the provincial totals, but are calculated and reported separately."
4,"Adjustments are  made to Labour Force Survey (LFS) data every five years after new population estimates become available following the most recent census. At that time, all LFS data back to the previous census is re-weighted using the new population estimates (since the new population estimates will cover the inter-censal period between the two most recent censuses), and all corresponding historical LFS estimates are revised.  Therefore, at the beginning of 2021, all estimates were adjusted to reflect 2016 Census population counts and LFS estimates have been revised back to January 2006."
5,"Most of the estimates contained in this table have been assigned a letter to indicate their coefficient of variation (c.v.) (expressed as a percentage). The letter grades represent the following coefficients of variation: A is used for a c.v. between or equal to 0.00% and 5.00% and means Excellent, B is used for a c.v. between or equal to 5.01% and 15.00% and means Very good, C is used for a c.v. between or equal to 15.01% and 25.00% and means Good, D is used for a c.v. between or equal to 25.01% and 35.00% and means Acceptable, E is used for a c.v. greater than 35.00% and means Use with caution."
12,"Caution should be exercised in interpreting the provincial/territorial ratios and differences in ratios between provinces/territories and over time, as small estimates may present fairly high sampling variability. Estimates for small geographic areas, for small age-groups or for cross-classified variables will be associated with larger variability."
6,"Refers to individuals who reported being an Indigenous person; that is, First Nations (North American Indian), Métis or Inuk (Inuit). In theLabour Force Survey (LFS), a person may report more than one Indigenous group; for example, a respondent could report being both First Nations and Métis."
7,"Data for 2004, 2005 and 2006 are for Western Canada (Manitoba, Saskatchewan, Alberta and British Columbia) only. Data since 2007 are for Canada. For 2004, the monthly average is from April to December."
9,"Includes high school graduation or some postsecondary education (not completed)."
10,"Includes trade certificate or diploma from a vocational school or apprenticeship training; non-university certificate or diploma from a community college, CEGEP, school of nursing and similar programs at this level; and university certificate below bachelor's level."
11,"Includes bachelor's degree and university degree or certificate above bachelor's degree."
8,"Includes no education or education below high school graduation."

"Correction ID","Correction Date","Correction Note"
